Timestamp,Count,NumKeywords,URL
3.981,1,0,https://www.metacareers.com/v2/jobs/1739048932957582/
6.931,2,0,https://www.metacareers.com/v2/jobs/840088936511045/
9.861,3,1,https://www.metacareers.com/v2/jobs/1620758081603836/
14.22,4,1,https://www.metacareers.com/v2/jobs/1766304123556742/
17.007,5,2,https://www.metacareers.com/v2/jobs/408034220795031/
20.634,6,2,https://www.metacareers.com/v2/jobs/414000566971094/
24.551,7,2,https://www.metacareers.com/v2/jobs/1154113814998146/
29.023,8,2,https://www.metacareers.com/v2/jobs/377974070407629/
33.454,9,3,https://www.metacareers.com/v2/jobs/1853207381517757/
35.889,10,3,https://www.metacareers.com/v2/jobs/2204374769702973/
39.573,11,4,https://www.metacareers.com/v2/jobs/308202294087814/
44.006,12,4,https://www.metacareers.com/v2/jobs/557695508632010/
46.817,13,4,https://www.metacareers.com/v2/jobs/588833532382666/
49.57,14,5,https://www.metacareers.com/v2/jobs/1063935711089771/
52.505,15,6,https://www.metacareers.com/v2/jobs/912049256097116/
54.985,16,7,https://www.metacareers.com/v2/jobs/270422198398128/
59.249,17,7,https://www.metacareers.com/v2/jobs/265341398665435/
63.185,18,8,https://www.metacareers.com/v2/jobs/1174894166280193/
65.939,19,9,https://www.metacareers.com/v2/jobs/1043769089735701/
68.741,20,10,https://www.metacareers.com/v2/jobs/480073613450195/
71.599,21,10,https://www.metacareers.com/v2/jobs/1717147071808237/
74.394,22,11,https://www.metacareers.com/v2/jobs/2030929700391137/
77.423,23,11,https://www.metacareers.com/v2/jobs/951123965663578/
80.652,24,12,https://www.metacareers.com/v2/jobs/498929144693314/
83.469,25,13,https://www.metacareers.com/v2/jobs/897112487859559/
89.34,26,13,https://www.metacareers.com/v2/jobs/395488765380002/
92.17,27,13,https://www.metacareers.com/v2/jobs/916204429015757/
94.704,28,14,https://www.metacareers.com/v2/jobs/259250859475407/
98.5,29,15,https://www.metacareers.com/v2/jobs/215496993869539/
101.384,30,16,https://www.metacareers.com/v2/jobs/219318299862482/
104.335,31,16,https://www.metacareers.com/v2/jobs/968013524063393/
107.276,32,17,https://www.metacareers.com/v2/jobs/4116622518460918/
110.807,33,18,https://www.metacareers.com/v2/jobs/1354178835032040/
114.741,34,18,https://www.metacareers.com/v2/jobs/835295177418545/
117.719,35,18,https://www.metacareers.com/v2/jobs/990177258197287/
120.231,36,18,https://www.metacareers.com/v2/jobs/330154861814291/
123.215,37,19,https://www.metacareers.com/v2/jobs/888957921812507/
126.238,38,19,https://www.metacareers.com/v2/jobs/938325056764868/
128.855,39,19,https://www.metacareers.com/v2/jobs/588092692296437/
132.497,40,19,https://www.metacareers.com/v2/jobs/142185601303525/
135.166,41,19,https://www.metacareers.com/v2/jobs/330577585253427/
139.058,42,20,https://www.metacareers.com/v2/jobs/189164350082533/
141.77,43,21,https://www.metacareers.com/v2/jobs/454333426312163/
144.141,44,21,https://www.metacareers.com/v2/jobs/847279312613689/
146.963,45,22,https://www.metacareers.com/v2/jobs/186873733491077/
149.587,46,23,https://www.metacareers.com/v2/jobs/195997945990408/
152.397,47,23,https://www.metacareers.com/v2/jobs/259676232854133/
155.922,48,24,https://www.metacareers.com/v2/jobs/216084253957466/
158.324,49,24,https://www.metacareers.com/v2/jobs/411244360617272/
162.106,50,24,https://www.metacareers.com/v2/jobs/1576590546011596/
168.085,51,24,https://www.metacareers.com/v2/jobs/2629018074068472/
170.526,52,25,https://www.metacareers.com/v2/jobs/557953718569572/
173.108,53,26,https://www.metacareers.com/v2/jobs/382853596922228/
176.084,54,27,https://www.metacareers.com/v2/jobs/435839128022131/
179.349,55,28,https://www.metacareers.com/v2/jobs/427289399032794/
181.929,56,29,https://www.metacareers.com/v2/jobs/250465863711152/
185.986,57,29,https://www.metacareers.com/v2/jobs/393110722462572/
189.9,58,29,https://www.metacareers.com/v2/jobs/626678222030305/
192.894,59,30,https://www.metacareers.com/v2/jobs/851933195498296/
195.429,60,30,https://www.metacareers.com/v2/jobs/988205938389990/
199.012,61,30,https://www.metacareers.com/v2/jobs/1248673372279087/
202.792,62,30,https://www.metacareers.com/v2/jobs/1234885400352652/
205.675,63,30,https://www.metacareers.com/v2/jobs/1659396647729152/
208.458,64,31,https://www.metacareers.com/v2/jobs/1601949983481290/
211.546,65,31,https://www.metacareers.com/v2/jobs/1069612813851186/
215.289,66,31,https://www.metacareers.com/v2/jobs/157109646634017/
220.61,67,32,https://www.metacareers.com/v2/jobs/2807470226193557/
223.772,68,33,https://www.metacareers.com/v2/jobs/584591199301436/
226.497,69,34,https://www.metacareers.com/v2/jobs/1007034256540465/
230.101,70,35,https://www.metacareers.com/v2/jobs/144858414441945/
233.939,71,36,https://www.metacareers.com/v2/jobs/2128073710674334/
236.741,72,36,https://www.metacareers.com/v2/jobs/2296438157165010/
240.963,73,36,https://www.metacareers.com/v2/jobs/2874369152873104/
244.993,74,37,https://www.metacareers.com/v2/jobs/545225883244833/
248.934,75,38,https://www.metacareers.com/v2/jobs/3058630657796919/
256.441,76,38,https://www.metacareers.com/v2/jobs/1774217232968550/
259.396,77,38,https://www.metacareers.com/v2/jobs/1302427740160633/
262.207,78,38,https://www.metacareers.com/v2/jobs/339976247466069/
265.224,79,39,https://www.metacareers.com/v2/jobs/484374526445557/
267.945,80,40,https://www.metacareers.com/v2/jobs/1127679237766786/
272.086,81,40,https://www.metacareers.com/v2/jobs/514796706336619/
274.884,82,41,https://www.metacareers.com/v2/jobs/907721936847914/
278.989,83,41,https://www.metacareers.com/v2/jobs/905482940103543/
282.149,84,41,https://www.metacareers.com/v2/jobs/989153278619755/
285.04,85,42,https://www.metacareers.com/v2/jobs/883428992339302/
288.155,86,43,https://www.metacareers.com/v2/jobs/195526989455489/
290.792,87,43,https://www.metacareers.com/v2/jobs/312653594062605/
294.57,88,44,https://www.metacareers.com/v2/jobs/343439394225716/
297.994,89,44,https://www.metacareers.com/v2/jobs/403892957735641/
301.676,90,44,https://www.metacareers.com/v2/jobs/591651571965544/
305.246,91,45,https://www.metacareers.com/v2/jobs/555971775472508/
308.739,92,46,https://www.metacareers.com/v2/jobs/622776835707221/
312.303,93,47,https://www.metacareers.com/v2/jobs/695577574748029/
314.909,94,47,https://www.metacareers.com/v2/jobs/619679322400354/
318.84,95,47,https://www.metacareers.com/v2/jobs/875357796501101/
321.341,96,47,https://www.metacareers.com/v2/jobs/838838006766222/
325.574,97,47,https://www.metacareers.com/v2/jobs/887884188488571/
329.362,98,47,https://www.metacareers.com/v2/jobs/1881840111985028/
332.191,99,47,https://www.metacareers.com/v2/jobs/2807585112885580/
336.405,100,47,https://www.metacareers.com/v2/jobs/3061976384090962/
343.479,101,48,https://www.metacareers.com/v2/jobs/578570516517139/
345.685,102,49,https://www.metacareers.com/v2/jobs/585312272529319/
350.241,103,49,https://www.metacareers.com/v2/jobs/946995255941905/
353.488,104,49,https://www.metacareers.com/v2/jobs/1633776296812188/
356.086,105,49,https://www.metacareers.com/v2/jobs/3067783430213142/
359.602,106,49,https://www.metacareers.com/v2/jobs/937105777014104/
362.732,107,50,https://www.metacareers.com/v2/jobs/188370129842957/
366.383,108,50,https://www.metacareers.com/v2/jobs/1571021983231784/
369.172,109,51,https://www.metacareers.com/v2/jobs/1828924947274551/
372.003,110,52,https://www.metacareers.com/v2/jobs/929143704670893/
375.412,111,52,https://www.metacareers.com/v2/jobs/478523833156973/
378.859,112,53,https://www.metacareers.com/v2/jobs/982918365625293/
381.721,113,53,https://www.metacareers.com/v2/jobs/579480279971066/
385.762,114,53,https://www.metacareers.com/v2/jobs/1315390832248586/
388.965,115,54,https://www.metacareers.com/v2/jobs/164747052461021/
391.533,116,55,https://www.metacareers.com/v2/jobs/477579080648704/
394.506,117,55,https://www.metacareers.com/v2/jobs/495146588171625/
397.353,118,56,https://www.metacareers.com/v2/jobs/644099926762215/
400.013,119,56,https://www.metacareers.com/v2/jobs/436027874718812/
404.564,120,56,https://www.metacareers.com/v2/jobs/206193624599365/
408.4,121,57,https://www.metacareers.com/v2/jobs/485960065991633/
411.111,122,57,https://www.metacareers.com/v2/jobs/1142505946269400/
414.596,123,58,https://www.metacareers.com/v2/jobs/928574034588858/
417.171,124,59,https://www.metacareers.com/v2/jobs/510205057094707/
420.117,125,60,https://www.metacareers.com/v2/jobs/524925435554696/
430.185,126,61,https://www.metacareers.com/v2/jobs/710225239956612/
432.718,127,61,https://www.metacareers.com/v2/jobs/1102571327211065/
436.243,128,61,https://www.metacareers.com/v2/jobs/905380583481118/
439.878,129,61,https://www.metacareers.com/v2/jobs/447092143804086/
443.637,130,61,https://www.metacareers.com/v2/jobs/458898148979608/
447.973,131,61,https://www.metacareers.com/v2/jobs/615379449485926/
450.868,132,62,https://www.metacareers.com/v2/jobs/932021490787060/
453.587,133,63,https://www.metacareers.com/v2/jobs/408079040806149/
456.83,134,64,https://www.metacareers.com/v2/jobs/431783441741726/
459.658,135,64,https://www.metacareers.com/v2/jobs/1308734859642729/
463.994,136,65,https://www.metacareers.com/v2/jobs/274777457807900/
466.7,137,65,https://www.metacareers.com/v2/jobs/986047062118620/
470.685,138,66,https://www.metacareers.com/v2/jobs/1035670850625107/
474.462,139,67,https://www.metacareers.com/v2/jobs/2970434563228951/
477.2,140,68,https://www.metacareers.com/v2/jobs/276646051068339/
479.702,141,68,https://www.metacareers.com/v2/jobs/813022386308783/
484.014,142,69,https://www.metacareers.com/v2/jobs/466200448220969/
488.034,143,69,https://www.metacareers.com/v2/jobs/363815268887287/
491.962,144,69,https://www.metacareers.com/v2/jobs/298780465543018/
494.509,145,69,https://www.metacareers.com/v2/jobs/338647917694553/
497.434,146,70,https://www.metacareers.com/v2/jobs/666414561038545/
502.02,147,71,https://www.metacareers.com/v2/jobs/495901005174762/
505.325,148,72,https://www.metacareers.com/v2/jobs/341784470880530/
507.809,149,73,https://www.metacareers.com/v2/jobs/332245478758077/
511.33,150,73,https://www.metacareers.com/v2/jobs/1052055995364075/
517.75,151,73,https://www.metacareers.com/v2/jobs/2051400938346431/
520.374,152,74,https://www.metacareers.com/v2/jobs/2765242550288072/
523.166,153,74,https://www.metacareers.com/v2/jobs/979197435984756/
527.069,154,74,https://www.metacareers.com/v2/jobs/1037680567012308/
531.259,155,75,https://www.metacareers.com/v2/jobs/1348157845606982/
533.725,156,76,https://www.metacareers.com/v2/jobs/220229796939050/
536.19,157,76,https://www.metacareers.com/v2/jobs/409167510801191/
539.157,158,76,https://www.metacareers.com/v2/jobs/1044392686294942/
543.403,159,77,https://www.metacareers.com/v2/jobs/621673585705985/
547.132,160,77,https://www.metacareers.com/v2/jobs/3241746746061688/
549.795,161,78,https://www.metacareers.com/v2/jobs/286688953343318/
552.369,162,79,https://www.metacareers.com/v2/jobs/265637731961467/
555.772,163,79,https://www.metacareers.com/v2/jobs/274747444694650/
558.693,164,80,https://www.metacareers.com/v2/jobs/209154414306712/
561.651,165,81,https://www.metacareers.com/v2/jobs/927073144864293/
564.69,166,81,https://www.metacareers.com/v2/jobs/1635812969955462/
568.743,167,81,https://www.metacareers.com/v2/jobs/3099413873607513/
571.462,168,82,https://www.metacareers.com/v2/jobs/2007064192814575/
574.045,169,83,https://www.metacareers.com/v2/jobs/293818759300086/
577.503,170,84,https://www.metacareers.com/v2/jobs/610106100363176/
580.36,171,84,https://www.metacareers.com/v2/jobs/1352944038474155/
584.573,172,85,https://www.metacareers.com/v2/jobs/875416813143910/
588.646,173,85,https://www.metacareers.com/v2/jobs/298942442003091/
591.625,174,85,https://www.metacareers.com/v2/jobs/309573251088136/
595.512,175,86,https://www.metacareers.com/v2/jobs/288805253179924/
601.966,176,87,https://www.metacareers.com/v2/jobs/335347881690203/
604.716,177,87,https://www.metacareers.com/v2/jobs/426875042300078/
607.465,178,88,https://www.metacareers.com/v2/jobs/558662618737455/
611.203,179,89,https://www.metacareers.com/v2/jobs/574639530407157/
614.941,180,90,https://www.metacareers.com/v2/jobs/902925780336051/
617.763,181,91,https://www.metacareers.com/v2/jobs/1005604330283364/
620.555,182,92,https://www.metacareers.com/v2/jobs/986402545484409/
624.26,183,93,https://www.metacareers.com/v2/jobs/1590633344647100/
627.135,184,94,https://www.metacareers.com/v2/jobs/2811241489166658/
629.747,185,94,https://www.metacareers.com/v2/jobs/207624484826904/
633.302,186,94,https://www.metacareers.com/v2/jobs/198738825548132/
635.793,187,95,https://www.metacareers.com/v2/jobs/237198737859265/
638.568,188,95,https://www.metacareers.com/v2/jobs/222713559909916/
641.991,189,96,https://www.metacareers.com/v2/jobs/281224923542004/
644.725,190,97,https://www.metacareers.com/v2/jobs/290492285858460/
647.259,191,98,https://www.metacareers.com/v2/jobs/300494181998192/
649.854,192,99,https://www.metacareers.com/v2/jobs/395994692078786/
653.013,193,100,https://www.metacareers.com/v2/jobs/394673739009705/
656.495,194,101,https://www.metacareers.com/v2/jobs/384604586637336/
659.189,195,102,https://www.metacareers.com/v2/jobs/595220278148432/
661.412,196,103,https://www.metacareers.com/v2/jobs/1096506507799639/
664.964,197,103,https://www.metacareers.com/v2/jobs/1056466421766941/
667.905,198,104,https://www.metacareers.com/v2/jobs/1315042832286872/
670.842,199,104,https://www.metacareers.com/v2/jobs/1815551255303370/
674.735,200,105,https://www.metacareers.com/v2/jobs/4775660899114667/
680.687,201,105,https://www.metacareers.com/v2/jobs/671854417153094/
683.262,202,106,https://www.metacareers.com/v2/jobs/338731404610652/
686.041,203,107,https://www.metacareers.com/v2/jobs/691046561897614/
688.697,204,108,https://www.metacareers.com/v2/jobs/849072489070263/
692.455,205,108,https://www.metacareers.com/v2/jobs/845776662757924/
695.295,206,109,https://www.metacareers.com/v2/jobs/910108679854834/
698.195,207,109,https://www.metacareers.com/v2/jobs/991245804793301/
702.72,208,110,https://www.metacareers.com/v2/jobs/938020220133286/
706.074,209,111,https://www.metacareers.com/v2/jobs/1057824128299272/
709.207,210,112,https://www.metacareers.com/v2/jobs/1044188603098997/
712.092,211,113,https://www.metacareers.com/v2/jobs/1068524963890299/
714.805,212,113,https://www.metacareers.com/v2/jobs/1059976167745482/
719.091,213,114,https://www.metacareers.com/v2/jobs/1194670181057920/
722.453,214,115,https://www.metacareers.com/v2/jobs/1164261154341729/
724.893,215,116,https://www.metacareers.com/v2/jobs/1904949222990490/
727.712,216,117,https://www.metacareers.com/v2/jobs/2391843854283971/
730.209,217,118,https://www.metacareers.com/v2/jobs/3001016493559429/
732.934,218,118,https://www.metacareers.com/v2/jobs/3053387078273252/
735.591,219,119,https://www.metacareers.com/v2/jobs/3047138648947728/
738.482,220,120,https://www.metacareers.com/v2/jobs/3992099147569556/
742.098,221,120,https://www.metacareers.com/v2/jobs/4855021774519218/
746.103,222,121,https://www.metacareers.com/v2/jobs/244573574029854/
749.029,223,122,https://www.metacareers.com/v2/jobs/224920879601825/
751.76,224,122,https://www.metacareers.com/v2/jobs/252641603552871/
754.639,225,123,https://www.metacareers.com/v2/jobs/1816515125198026/
760.853,226,124,https://www.metacareers.com/v2/jobs/2703882936574367/
763.293,227,125,https://www.metacareers.com/v2/jobs/3114987635383128/
765.958,228,126,https://www.metacareers.com/v2/jobs/382958600257018/
769.367,229,127,https://www.metacareers.com/v2/jobs/4851684111537215/
772.32,230,127,https://www.metacareers.com/v2/jobs/1631118603895626/
775.817,231,127,https://www.metacareers.com/v2/jobs/199722081556377/
779.256,232,128,https://www.metacareers.com/v2/jobs/465084541579831/
782.049,233,128,https://www.metacareers.com/v2/jobs/978534136206653/
785.125,234,128,https://www.metacareers.com/v2/jobs/336835401430444/
796.239,235,129,https://www.metacareers.com/v2/jobs/1691285101263090/
799.776,236,129,https://www.metacareers.com/v2/jobs/1129808397760485/
803.711,237,129,https://www.metacareers.com/v2/jobs/1112598526225649/
807.863,238,130,https://www.metacareers.com/v2/jobs/556165782245822/
810.604,239,130,https://www.metacareers.com/v2/jobs/417222726552993/
813.811,240,131,https://www.metacareers.com/v2/jobs/1338357086612360/
817.335,241,131,https://www.metacareers.com/v2/jobs/591086942188131/
819.864,242,131,https://www.metacareers.com/v2/jobs/4729371303845011/
822.464,243,131,https://www.metacareers.com/v2/jobs/376292260926187/
826.043,244,132,https://www.metacareers.com/v2/jobs/680412879655517/
828.455,245,132,https://www.metacareers.com/v2/jobs/308298510167204/
831.516,246,133,https://www.metacareers.com/v2/jobs/4088838414575063/
834.094,247,134,https://www.metacareers.com/v2/jobs/1046351042608471/
836.749,248,135,https://www.metacareers.com/v2/jobs/267438435458476/
840.265,249,136,https://www.metacareers.com/v2/jobs/363390838454974/
843.397,250,136,https://www.metacareers.com/v2/jobs/483364876480939/
850.532,251,136,https://www.metacareers.com/v2/jobs/610581216698634/
853.947,252,137,https://www.metacareers.com/v2/jobs/1153337008827707/
856.703,253,137,https://www.metacareers.com/v2/jobs/474979380659678/
859.887,254,137,https://www.metacareers.com/v2/jobs/610305230258472/
863.833,255,138,https://www.metacareers.com/v2/jobs/1290986364647261/
867.424,256,139,https://www.metacareers.com/v2/jobs/425903335908542/
871.208,257,140,https://www.metacareers.com/v2/jobs/632637307794236/
873.681,258,141,https://www.metacareers.com/v2/jobs/601643824285212/
876.961,259,142,https://www.metacareers.com/v2/jobs/352751460016374/
880.77,260,142,https://www.metacareers.com/v2/jobs/1278193906009584/
883.252,261,143,https://www.metacareers.com/v2/jobs/6249682111738769/
886.552,262,143,https://www.metacareers.com/v2/jobs/406223454478317/
889.917,263,144,https://www.metacareers.com/v2/jobs/909087089751353/
892.724,264,145,https://www.metacareers.com/v2/jobs/370787471484987/
895.314,265,146,https://www.metacareers.com/v2/jobs/1273485006452070/
898.337,266,147,https://www.metacareers.com/v2/jobs/220948910188233/
901.461,267,147,https://www.metacareers.com/v2/jobs/1042236929863368/
904.735,268,147,https://www.metacareers.com/v2/jobs/284827320299554/
907.86,269,147,https://www.metacareers.com/v2/jobs/649711656171923/
910.54,270,147,https://www.metacareers.com/v2/jobs/1121183208628638/
914.21,271,148,https://www.metacareers.com/v2/jobs/229180996037198/
917.335,272,149,https://www.metacareers.com/v2/jobs/905807533399302/
921.073,273,149,https://www.metacareers.com/v2/jobs/438419457779602/
924.848,274,150,https://www.metacareers.com/v2/jobs/393766935874479/
927.403,275,151,https://www.metacareers.com/v2/jobs/1587426908280774/
933.034,276,151,https://www.metacareers.com/v2/jobs/567347114330921/
935.322,277,152,https://www.metacareers.com/v2/jobs/491845732277238/
938.746,278,153,https://www.metacareers.com/v2/jobs/1252583308580822/
942.544,279,154,https://www.metacareers.com/v2/jobs/900258420706069/
946.108,280,155,https://www.metacareers.com/v2/jobs/350056406495155/
949.805,281,156,https://www.metacareers.com/v2/jobs/1182607712149454/
952.749,282,157,https://www.metacareers.com/v2/jobs/622207669150107/
955.377,283,157,https://www.metacareers.com/v2/jobs/1562627534088564/
958.994,284,157,https://www.metacareers.com/v2/jobs/200508252202932/
962.647,285,158,https://www.metacareers.com/v2/jobs/2725915044309072/
966.79,286,159,https://www.metacareers.com/v2/jobs/331990938815816/
969.652,287,159,https://www.metacareers.com/v2/jobs/353964046734147/
972.669,288,159,https://www.metacareers.com/v2/jobs/474156580966902/
977.144,289,159,https://www.metacareers.com/v2/jobs/309572514446251/
981.151,290,160,https://www.metacareers.com/v2/jobs/228944796078039/
985.025,291,161,https://www.metacareers.com/v2/jobs/1091041838322080/
989.245,292,162,https://www.metacareers.com/v2/jobs/208958301059127/
993.663,293,162,https://www.metacareers.com/v2/jobs/221872800037004/
996.484,294,162,https://www.metacareers.com/v2/jobs/333727371516367/
1000.346,295,162,https://www.metacareers.com/v2/jobs/679975643174066/
1002.698,296,162,https://www.metacareers.com/v2/jobs/909382349713895/
1007.37,297,162,https://www.metacareers.com/v2/jobs/4903353293067268/
1010.715,298,162,https://www.metacareers.com/v2/jobs/432434588397136/
1014.462,299,162,https://www.metacareers.com/v2/jobs/939398216698694/
1018.147,300,163,https://www.metacareers.com/v2/jobs/281219143816749/
1033.102,301,163,https://www.metacareers.com/v2/jobs/595742371610796/
1035.471,302,163,https://www.metacareers.com/v2/jobs/593751571828881/
1038.058,303,164,https://www.metacareers.com/v2/jobs/1700167936845517/
1040.251,304,164,https://www.metacareers.com/v2/jobs/3125943877638774/
1044.341,305,164,https://www.metacareers.com/v2/jobs/295088588819742/
1048.056,306,165,https://www.metacareers.com/v2/jobs/2974268836129704/
1052.232,307,166,https://www.metacareers.com/v2/jobs/992668221324723/
1055.055,308,167,https://www.metacareers.com/v2/jobs/2120381488118070/
1058.18,309,167,https://www.metacareers.com/v2/jobs/2139043842901015/
1060.947,310,167,https://www.metacareers.com/v2/jobs/768812310494698/
1064.153,311,168,https://www.metacareers.com/v2/jobs/245646467721820/
1067.002,312,168,https://www.metacareers.com/v2/jobs/622914055387453/
1069.2,313,168,https://www.metacareers.com/v2/jobs/999371210650642/
1071.976,314,168,https://www.metacareers.com/v2/jobs/1196976271106136/
1075.407,315,169,https://www.metacareers.com/v2/jobs/2003666779799021/
1078.314,316,170,https://www.metacareers.com/v2/jobs/1305479689848659/
1082.096,317,171,https://www.metacareers.com/v2/jobs/4075337702519737/
1084.646,318,172,https://www.metacareers.com/v2/jobs/518723646563273/
1088.36,319,173,https://www.metacareers.com/v2/jobs/1143522319518018/
1090.929,320,173,https://www.metacareers.com/v2/jobs/339844044210170/
1094.015,321,173,https://www.metacareers.com/v2/jobs/799068814317904/
1096.75,322,173,https://www.metacareers.com/v2/jobs/1449166152146143/
1100.447,323,174,https://www.metacareers.com/v2/jobs/1223650144794932/
1103.081,324,175,https://www.metacareers.com/v2/jobs/671691964190126/
1107.239,325,175,https://www.metacareers.com/v2/jobs/463246755476500/
1114.327,326,176,https://www.metacareers.com/v2/jobs/578826263315063/
1117.093,327,177,https://www.metacareers.com/v2/jobs/2490652581239076/
1119.986,328,178,https://www.metacareers.com/v2/jobs/1105695640201342/
1122.476,329,178,https://www.metacareers.com/v2/jobs/723492731964718/
1125.005,330,179,https://www.metacareers.com/v2/jobs/650208989022321/
1128.419,331,179,https://www.metacareers.com/v2/jobs/2280933422206464/
1130.949,332,180,https://www.metacareers.com/v2/jobs/931139254263872/
1135.471,333,181,https://www.metacareers.com/v2/jobs/196244342584782/
1138.5,334,182,https://www.metacareers.com/v2/jobs/2167781016713605/
1142.389,335,182,https://www.metacareers.com/v2/jobs/272650268162886/
1146.691,336,183,https://www.metacareers.com/v2/jobs/1058408024704042/
1149.05,337,184,https://www.metacareers.com/v2/jobs/398469614982893/
1151.693,338,184,https://www.metacareers.com/v2/jobs/1480854285601711/
1156.605,339,184,https://www.metacareers.com/v2/jobs/142733697888465/
1161.413,340,185,https://www.metacareers.com/v2/jobs/308587217786803/
1163.852,341,186,https://www.metacareers.com/v2/jobs/2152997621530489/
1167.004,342,186,https://www.metacareers.com/v2/jobs/619194249489245/
1170.992,343,187,https://www.metacareers.com/v2/jobs/228801176119821/
1173.755,344,188,https://www.metacareers.com/v2/jobs/509176057178500/
1177.243,345,188,https://www.metacareers.com/v2/jobs/476576657369949/
1180.504,346,189,https://www.metacareers.com/v2/jobs/656340465731906/
1182.86,347,190,https://www.metacareers.com/v2/jobs/4463567393679814/
1185.64,348,191,https://www.metacareers.com/v2/jobs/1082285558858488/
1187.984,349,192,https://www.metacareers.com/v2/jobs/348524183761678/
1192.884,350,193,https://www.metacareers.com/v2/jobs/4701926566559341/
1199.728,351,193,https://www.metacareers.com/v2/jobs/3185678501704378/
1201.983,352,194,https://www.metacareers.com/v2/jobs/627008844979759/
1205.706,353,194,https://www.metacareers.com/v2/jobs/863894774293654/
1208.605,354,194,https://www.metacareers.com/v2/jobs/759259288117230/
1211.526,355,195,https://www.metacareers.com/v2/jobs/523446448813454/
1215.062,356,196,https://www.metacareers.com/v2/jobs/1141233886647933/
1218.29,357,197,https://www.metacareers.com/v2/jobs/509776043698799/
1220.975,358,198,https://www.metacareers.com/v2/jobs/405729211148531/
1223.616,359,199,https://www.metacareers.com/v2/jobs/1105699209924893/
1227.69,360,200,https://www.metacareers.com/v2/jobs/4487330414715774/
1230.928,361,201,https://www.metacareers.com/v2/jobs/621325385151757/
1233.714,362,202,https://www.metacareers.com/v2/jobs/643699026189329/
1237.506,363,203,https://www.metacareers.com/v2/jobs/915067132530061/
1240.295,364,203,https://www.metacareers.com/v2/jobs/2665326750429790/
1244.309,365,204,https://www.metacareers.com/v2/jobs/452491809677861/
1247.658,366,204,https://www.metacareers.com/v2/jobs/3036949353287919/
1251.375,367,205,https://www.metacareers.com/v2/jobs/484987959914044/
1255.561,368,206,https://www.metacareers.com/v2/jobs/452581843168231/
1258.019,369,207,https://www.metacareers.com/v2/jobs/1507930066257824/
1260.189,370,207,https://www.metacareers.com/v2/jobs/346218370432293/
1264.089,371,207,https://www.metacareers.com/v2/jobs/394720822271307/
1266.754,372,207,https://www.metacareers.com/v2/jobs/499344711785542/
1269.34,373,208,https://www.metacareers.com/v2/jobs/440848714084320/
1272.274,374,209,https://www.metacareers.com/v2/jobs/163059676009876/
1275.175,375,209,https://www.metacareers.com/v2/jobs/414588669422154/
1280.458,376,210,https://www.metacareers.com/v2/jobs/364118432126490/
1282.934,377,210,https://www.metacareers.com/v2/jobs/339033631353051/
1285.671,378,211,https://www.metacareers.com/v2/jobs/1092150054861536/
1288.85,379,212,https://www.metacareers.com/v2/jobs/431654894621184/
1291.609,380,212,https://www.metacareers.com/v2/jobs/443482307513435/
1294.565,381,212,https://www.metacareers.com/v2/jobs/892154264998605/
1297.557,382,213,https://www.metacareers.com/v2/jobs/501129658095870/
1301.563,383,213,https://www.metacareers.com/v2/jobs/622060302239230/
1305.309,384,214,https://www.metacareers.com/v2/jobs/322192199833680/
1308.074,385,215,https://www.metacareers.com/v2/jobs/1985194928325303/
1312.485,386,215,https://www.metacareers.com/v2/jobs/4417394031699664/
1315.861,387,216,https://www.metacareers.com/v2/jobs/653519362343172/
1319.704,388,217,https://www.metacareers.com/v2/jobs/648944209479242/
1323.681,389,217,https://www.metacareers.com/v2/jobs/886848446431956/
1327.132,390,217,https://www.metacareers.com/v2/jobs/2842039252754676/
1330.955,391,218,https://www.metacareers.com/v2/jobs/1385826338529315/
1334.085,392,219,https://www.metacareers.com/v2/jobs/282900433681769/
1338.062,393,220,https://www.metacareers.com/v2/jobs/281599836984626/
1341.436,394,220,https://www.metacareers.com/v2/jobs/307005447441371/
1344.915,395,221,https://www.metacareers.com/v2/jobs/2127952937362132/
1347.535,396,221,https://www.metacareers.com/v2/jobs/990402618216262/
1350.266,397,221,https://www.metacareers.com/v2/jobs/328342698861776/
1354.038,398,222,https://www.metacareers.com/v2/jobs/978452729356898/
1356.966,399,222,https://www.metacareers.com/v2/jobs/1049361402573597/
1359.844,400,222,https://www.metacareers.com/v2/jobs/3601848659897871/
1367.271,401,223,https://www.metacareers.com/v2/jobs/642417260306605/
1369.808,402,223,https://www.metacareers.com/v2/jobs/425603182317213/
1373.58,403,223,https://www.metacareers.com/v2/jobs/3120309911578221/
1377.529,404,224,https://www.metacareers.com/v2/jobs/1046146019501024/
1381.615,405,224,https://www.metacareers.com/v2/jobs/458927808853719/
1384.358,406,224,https://www.metacareers.com/v2/jobs/463263521869818/
1386.936,407,225,https://www.metacareers.com/v2/jobs/2958491944438309/
1389.375,408,226,https://www.metacareers.com/v2/jobs/267193612186583/
1392.934,409,226,https://www.metacareers.com/v2/jobs/1331983697230533/
1395.869,410,226,https://www.metacareers.com/v2/jobs/509065123872433/
1398.552,411,226,https://www.metacareers.com/v2/jobs/664899774956510/
1401.604,412,227,https://www.metacareers.com/v2/jobs/685994012065166/
1404.5,413,227,https://www.metacareers.com/v2/jobs/649076493002198/
1408.37,414,227,https://www.metacareers.com/v2/jobs/628851498368671/
1411.115,415,228,https://www.metacareers.com/v2/jobs/348779277250560/
1414.669,416,228,https://www.metacareers.com/v2/jobs/348968933705788/
1417.523,417,229,https://www.metacareers.com/v2/jobs/2838692786344819/
1420.249,418,230,https://www.metacareers.com/v2/jobs/542315196741972/
1423.804,419,231,https://www.metacareers.com/v2/jobs/151630153827932/
1427.534,420,232,https://www.metacareers.com/v2/jobs/1113668632374218/
1432.049,421,232,https://www.metacareers.com/v2/jobs/4098587866913439/
1434.43,422,232,https://www.metacareers.com/v2/jobs/2179104225577893/
1437.334,423,232,https://www.metacareers.com/v2/jobs/1146595006077524/
1441.383,424,233,https://www.metacareers.com/v2/jobs/4181336715223208/
1445.064,425,234,https://www.metacareers.com/v2/jobs/482954499619118/
1451.806,426,234,https://www.metacareers.com/v2/jobs/249895300502932/
1454.388,427,234,https://www.metacareers.com/v2/jobs/572732163861684/
1457.558,428,235,https://www.metacareers.com/v2/jobs/1077818769669967/
1460.385,429,236,https://www.metacareers.com/v2/jobs/791413708480984/
1464.554,430,236,https://www.metacareers.com/v2/jobs/992449964983104/
1467.33,431,236,https://www.metacareers.com/v2/jobs/317373120404837/
1470.168,432,236,https://www.metacareers.com/v2/jobs/1590259584688911/
1473.865,433,237,https://www.metacareers.com/v2/jobs/296218744908418/
1477.683,434,238,https://www.metacareers.com/v2/jobs/1112999056132039/
1480.516,435,238,https://www.metacareers.com/v2/jobs/905400700085092/
1483.536,436,238,https://www.metacareers.com/v2/jobs/498732528342561/
1486.25,437,239,https://www.metacareers.com/v2/jobs/601859067803758/
1490.262,438,240,https://www.metacareers.com/v2/jobs/403142174880209/
1494.369,439,241,https://www.metacareers.com/v2/jobs/1026289234815082/
1497.025,440,242,https://www.metacareers.com/v2/jobs/484007983040406/
1499.589,441,243,https://www.metacareers.com/v2/jobs/1143572359716456/
1503.298,442,243,https://www.metacareers.com/v2/jobs/428109148934417/
1506.805,443,244,https://www.metacareers.com/v2/jobs/202868828534809/
1509.429,444,244,https://www.metacareers.com/v2/jobs/3027855374198357/
1512.078,445,245,https://www.metacareers.com/v2/jobs/1264284497394796/
1514.535,446,246,https://www.metacareers.com/v2/jobs/586677842714282/
1518.239,447,247,https://www.metacareers.com/v2/jobs/473891547592674/
1521.976,448,247,https://www.metacareers.com/v2/jobs/645348200209671/
1524.363,449,247,https://www.metacareers.com/v2/jobs/361639675776412/
1527.343,450,248,https://www.metacareers.com/v2/jobs/904975373781671/
1533.11,451,248,https://www.metacareers.com/v2/jobs/2645791325722841/
1535.596,452,249,https://www.metacareers.com/v2/jobs/1049121455939430/
1538.562,453,249,https://www.metacareers.com/v2/jobs/255110299841085/
1542.433,454,250,https://www.metacareers.com/v2/jobs/983687485832450/
1546.293,455,251,https://www.metacareers.com/v2/jobs/601232884623937/
1550.069,456,251,https://www.metacareers.com/v2/jobs/368956254297677/
1552.947,457,252,https://www.metacareers.com/v2/jobs/822870271766666/
1555.765,458,253,https://www.metacareers.com/v2/jobs/4680940475329746/
1559.695,459,253,https://www.metacareers.com/v2/jobs/375290800462547/
1562.72,460,254,https://www.metacareers.com/v2/jobs/771855720096610/
1567.796,461,255,https://www.metacareers.com/v2/jobs/547785419600893/
1571.644,462,256,https://www.metacareers.com/v2/jobs/200845045543679/
1574.422,463,256,https://www.metacareers.com/v2/jobs/3780364628698154/
1578.215,464,257,https://www.metacareers.com/v2/jobs/999578613982190/
1581.008,465,258,https://www.metacareers.com/v2/jobs/459699712492308/
1585.001,466,258,https://www.metacareers.com/v2/jobs/613071223434354/
1587.882,467,258,https://www.metacareers.com/v2/jobs/153751283297720/
1591.445,468,258,https://www.metacareers.com/v2/jobs/860285111514358/
1594.561,469,258,https://www.metacareers.com/v2/jobs/462434245317733/
1596.975,470,259,https://www.metacareers.com/v2/jobs/406077784632310/
1599.286,471,260,https://www.metacareers.com/v2/jobs/358195172514856/
1603.031,472,261,https://www.metacareers.com/v2/jobs/287339020128182/
1606.811,473,262,https://www.metacareers.com/v2/jobs/1128783460991412/
1611.26,474,263,https://www.metacareers.com/v2/jobs/116095743867717/
1614.853,475,264,https://www.metacareers.com/v2/jobs/253145073376116/
1620.79,476,265,https://www.metacareers.com/v2/jobs/653929559131780/
1623.591,477,265,https://www.metacareers.com/v2/jobs/261194699485409/
1626.822,478,266,https://www.metacareers.com/v2/jobs/483838806417850/
1629.792,479,266,https://www.metacareers.com/v2/jobs/380395280514386/
1633.038,480,267,https://www.metacareers.com/v2/jobs/172910941644535/
1637.417,481,268,https://www.metacareers.com/v2/jobs/458832929153190/
1640.7,482,268,https://www.metacareers.com/v2/jobs/914097302607809/
1644.584,483,269,https://www.metacareers.com/v2/jobs/1082743432515660/
1648.539,484,269,https://www.metacareers.com/v2/jobs/639070843735792/
1651.648,485,269,https://www.metacareers.com/v2/jobs/938547653675900/
1654.432,486,270,https://www.metacareers.com/v2/jobs/932577007650604/
1658.405,487,270,https://www.metacareers.com/v2/jobs/592198315299617/
1662.392,488,270,https://www.metacareers.com/v2/jobs/970983813493278/
1666.196,489,270,https://www.metacareers.com/v2/jobs/485154593006744/
1669.089,490,270,https://www.metacareers.com/v2/jobs/268373281630857/
1672.771,491,270,https://www.metacareers.com/v2/jobs/408138511090818/
1675.708,492,271,https://www.metacareers.com/v2/jobs/400139191903926/
1679.382,493,271,https://www.metacareers.com/v2/jobs/308570130981794/
1683.286,494,272,https://www.metacareers.com/v2/jobs/456621639333172/
1687.447,495,273,https://www.metacareers.com/v2/jobs/1202753676812393/
1690.414,496,274,https://www.metacareers.com/v2/jobs/292604192760360/
1694.155,497,274,https://www.metacareers.com/v2/jobs/410439284104476/
1698.018,498,275,https://www.metacareers.com/v2/jobs/424716275888403/
1702.312,499,276,https://www.metacareers.com/v2/jobs/999134347649795/
1704.997,500,276,https://www.metacareers.com/v2/jobs/1308304162963403/
1710.79,501,276,https://www.metacareers.com/v2/jobs/725496691648261/
1713.3,502,277,https://www.metacareers.com/v2/jobs/1031818537601387/
1716.778,503,278,https://www.metacareers.com/v2/jobs/1061138064699530/
1720.544,504,278,https://www.metacareers.com/v2/jobs/271675851746342/
1724.286,505,279,https://www.metacareers.com/v2/jobs/627893958619894/
1728.321,506,280,https://www.metacareers.com/v2/jobs/4892591200761862/
1732.6,507,281,https://www.metacareers.com/v2/jobs/711102110277994/
1735.47,508,282,https://www.metacareers.com/v2/jobs/1095664701260920/
1739.052,509,283,https://www.metacareers.com/v2/jobs/678320643346604/
1742.777,510,284,https://www.metacareers.com/v2/jobs/181446214195608/
1745.674,511,285,https://www.metacareers.com/v2/jobs/1284432295329295/
1748.289,512,285,https://www.metacareers.com/v2/jobs/923266631692746/
1750.883,513,286,https://www.metacareers.com/v2/jobs/627393161609984/
1754.989,514,286,https://www.metacareers.com/v2/jobs/261824385172203/
1758.648,515,287,https://www.metacareers.com/v2/jobs/637834171001553/
1762.596,516,288,https://www.metacareers.com/v2/jobs/268398995156058/
1765.286,517,289,https://www.metacareers.com/v2/jobs/303098437855508/
1767.882,518,290,https://www.metacareers.com/v2/jobs/412088459858327/
1770.525,519,291,https://www.metacareers.com/v2/jobs/896388814627068/
1773.124,520,291,https://www.metacareers.com/v2/jobs/2082157258603922/
1776.85,521,291,https://www.metacareers.com/v2/jobs/622301752466550/
1779.192,522,291,https://www.metacareers.com/v2/jobs/943444453251666/
1783.174,523,292,https://www.metacareers.com/v2/jobs/1081632839357259/
1787.462,524,293,https://www.metacareers.com/v2/jobs/251165986676109/
1790.237,525,294,https://www.metacareers.com/v2/jobs/4778416612185729/
1796.474,526,294,https://www.metacareers.com/v2/jobs/882907545991225/
1800.045,527,294,https://www.metacareers.com/v2/jobs/449078289540299/
1802.834,528,294,https://www.metacareers.com/v2/jobs/2792350007704923/
1805.502,529,295,https://www.metacareers.com/v2/jobs/338282227941061/
1809.565,530,296,https://www.metacareers.com/v2/jobs/831750504157655/
1813.645,531,297,https://www.metacareers.com/v2/jobs/796430208417522/
1817.608,532,297,https://www.metacareers.com/v2/jobs/689996352005408/
1821.793,533,297,https://www.metacareers.com/v2/jobs/343513957085120/
1825.445,534,297,https://www.metacareers.com/v2/jobs/5136763316357217/
1829.195,535,298,https://www.metacareers.com/v2/jobs/813050829330198/
1832.198,536,298,https://www.metacareers.com/v2/jobs/389033036036266/
1836.134,537,298,https://www.metacareers.com/v2/jobs/531848121235047/
1839.956,538,299,https://www.metacareers.com/v2/jobs/4513736855382734/
1844.103,539,300,https://www.metacareers.com/v2/jobs/905800900083680/
1847.869,540,301,https://www.metacareers.com/v2/jobs/414068329866092/
1851.617,541,302,https://www.metacareers.com/v2/jobs/305124261432898/
1855.117,542,302,https://www.metacareers.com/v2/jobs/224117399288228/
1857.837,543,303,https://www.metacareers.com/v2/jobs/610058373521898/
1860.714,544,303,https://www.metacareers.com/v2/jobs/640332310587581/
1864.961,545,304,https://www.metacareers.com/v2/jobs/477125657356608/
1867.776,546,305,https://www.metacareers.com/v2/jobs/465115301841351/
1871.861,547,306,https://www.metacareers.com/v2/jobs/3020715584837250/
1874.918,548,306,https://www.metacareers.com/v2/jobs/939056583393649/
1878.387,549,307,https://www.metacareers.com/v2/jobs/4515207511861165/
1881.494,550,307,https://www.metacareers.com/v2/jobs/215277083811683/
1887.195,551,308,https://www.metacareers.com/v2/jobs/465115301841351/
1890.604,552,309,https://www.metacareers.com/v2/jobs/454962932155041/
1894.332,553,309,https://www.metacareers.com/v2/jobs/1076795339743017/
1896.643,554,310,https://www.metacareers.com/v2/jobs/921665712051858/
1899.222,555,310,https://www.metacareers.com/v2/jobs/3140976366191323/
1901.804,556,310,https://www.metacareers.com/v2/jobs/1305158709922754/
1904.772,557,311,https://www.metacareers.com/v2/jobs/163104995950853/
1907.609,558,312,https://www.metacareers.com/v2/jobs/229585272096580/
1909.962,559,313,https://www.metacareers.com/v2/jobs/217263707041770/
1912.523,560,314,https://www.metacareers.com/v2/jobs/260009342361442/
1916.431,561,314,https://www.metacareers.com/v2/jobs/315634823795794/
1918.998,562,315,https://www.metacareers.com/v2/jobs/422035336157726/
1922.028,563,316,https://www.metacareers.com/v2/jobs/422623798942198/
1924.949,564,317,https://www.metacareers.com/v2/jobs/452625339690404/
1930.005,565,317,https://www.metacareers.com/v2/jobs/441180600492809/
1932.82,566,318,https://www.metacareers.com/v2/jobs/543714299935740/
1936.384,567,319,https://www.metacareers.com/v2/jobs/540686870247579/
1940.567,568,319,https://www.metacareers.com/v2/jobs/588512549053708/
1944.632,569,320,https://www.metacareers.com/v2/jobs/589750602036359/
1947.536,570,321,https://www.metacareers.com/v2/jobs/555292969247319/
1950.413,571,321,https://www.metacareers.com/v2/jobs/983841032491208/
1953.907,572,322,https://www.metacareers.com/v2/jobs/445740663931176/
1958.125,573,323,https://www.metacareers.com/v2/jobs/3159565840945859/
1961.798,574,323,https://www.metacareers.com/v2/jobs/426559122478092/
1964.53,575,324,https://www.metacareers.com/v2/jobs/198069155638937/
1971.883,576,325,https://www.metacareers.com/v2/jobs/612421753378530/
1975.182,577,326,https://www.metacareers.com/v2/jobs/935943300401349/
1978.505,578,326,https://www.metacareers.com/v2/jobs/843533030378613/
1981.591,579,327,https://www.metacareers.com/v2/jobs/3111965982381534/
1986.162,580,327,https://www.metacareers.com/v2/jobs/2887133084852293/
1990.101,581,327,https://www.metacareers.com/v2/jobs/1785418454963147/
1993.925,582,328,https://www.metacareers.com/v2/jobs/130092025892196/
1996.819,583,328,https://www.metacareers.com/v2/jobs/607119483731317/
2001.164,584,328,https://www.metacareers.com/v2/jobs/247977257289866/
2003.902,585,328,https://www.metacareers.com/v2/jobs/424220395440082/
2006.803,586,329,https://www.metacareers.com/v2/jobs/397803402138175/
2010.336,587,329,https://www.metacareers.com/v2/jobs/2550476651915269/
2014.836,588,330,https://www.metacareers.com/v2/jobs/4790731317711981/
2018.066,589,331,https://www.metacareers.com/v2/jobs/217735203723838/
2020.727,590,332,https://www.metacareers.com/v2/jobs/870796257175971/
2023.52,591,332,https://www.metacareers.com/v2/jobs/669060517439382/
2026.22,592,333,https://www.metacareers.com/v2/jobs/634551857921197/
2029.319,593,333,https://www.metacareers.com/v2/jobs/574597670416381/
2033.189,594,334,https://www.metacareers.com/v2/jobs/648789512823811/
2037.465,595,335,https://www.metacareers.com/v2/jobs/1152964378844155/
2040.098,596,336,https://www.metacareers.com/v2/jobs/1202106050219763/
2042.947,597,337,https://www.metacareers.com/v2/jobs/1186809448758079/
2045.941,598,338,https://www.metacareers.com/v2/jobs/355571315899996/
2048.926,599,339,https://www.metacareers.com/v2/jobs/345834967124386/
2051.927,600,339,https://www.metacareers.com/v2/jobs/259605746304860/
2057.945,601,339,https://www.metacareers.com/v2/jobs/983020278976623/
2060.47,602,340,https://www.metacareers.com/v2/jobs/174269048178768/
2063.147,603,341,https://www.metacareers.com/v2/jobs/622631788994199/
2066.347,604,341,https://www.metacareers.com/v2/jobs/2814122705552019/
2069.497,605,341,https://www.metacareers.com/v2/jobs/289627885952669/
2073.365,606,341,https://www.metacareers.com/v2/jobs/365153738758557/
2078.09,607,341,https://www.metacareers.com/v2/jobs/364949274971458/
2082.125,608,341,https://www.metacareers.com/v2/jobs/949593879293939/
2084.923,609,342,https://www.metacareers.com/v2/jobs/931484014169233/
2089.144,610,342,https://www.metacareers.com/v2/jobs/458814119280333/
2092.058,611,342,https://www.metacareers.com/v2/jobs/275025198026630/
2094.674,612,342,https://www.metacareers.com/v2/jobs/883299195907684/
2098.692,613,343,https://www.metacareers.com/v2/jobs/318141830238442/
2102.869,614,344,https://www.metacareers.com/v2/jobs/171677595080710/
2107.162,615,345,https://www.metacareers.com/v2/jobs/320023889484030/
2110.566,616,346,https://www.metacareers.com/v2/jobs/226518776119849/
2114.331,617,347,https://www.metacareers.com/v2/jobs/4387557858033912/
2117.342,618,348,https://www.metacareers.com/v2/jobs/480200830171956/
2122.509,619,348,https://www.metacareers.com/v2/jobs/3106537736246227/
2126.513,620,349,https://www.metacareers.com/v2/jobs/4532143330217721/
2138.899,621,350,https://www.metacareers.com/v2/jobs/1174251443061058/
2147.198,622,351,https://www.metacareers.com/v2/jobs/139870901222000/
2151.474,623,352,https://www.metacareers.com/v2/jobs/434715078322682/
2154.827,624,353,https://www.metacareers.com/v2/jobs/467984501608279/
2157.928,625,354,https://www.metacareers.com/v2/jobs/202967211592888/
2165.022,626,354,https://www.metacareers.com/v2/jobs/929849801239603/
2167.844,627,355,https://www.metacareers.com/v2/jobs/983742325736446/
2172.258,628,355,https://www.metacareers.com/v2/jobs/3064897547167886/
2174.808,629,356,https://www.metacareers.com/v2/jobs/663357258154769/
2177.698,630,356,https://www.metacareers.com/v2/jobs/1030670430788868/
2181.741,631,357,https://www.metacareers.com/v2/jobs/680262016715728/
2184.526,632,357,https://www.metacareers.com/v2/jobs/350642983183041/
2187.921,633,358,https://www.metacareers.com/v2/jobs/451154983213537/
2190.82,634,359,https://www.metacareers.com/v2/jobs/169582128199947/
2193.958,635,359,https://www.metacareers.com/v2/jobs/175047340477394/
2197.716,636,360,https://www.metacareers.com/v2/jobs/129743182381970/
2201.556,637,360,https://www.metacareers.com/v2/jobs/877312423159395/
2205.486,638,360,https://www.metacareers.com/v2/jobs/1268881973583969/
2209.241,639,360,https://www.metacareers.com/v2/jobs/1280301615714189/
2212.902,640,360,https://www.metacareers.com/v2/jobs/5057228927640934/
2215.59,641,361,https://www.metacareers.com/v2/jobs/892870504732707/
2218.618,642,361,https://www.metacareers.com/v2/jobs/3274413006178393/
2221.996,643,362,https://www.metacareers.com/v2/jobs/489316342550878/
2224.591,644,362,https://www.metacareers.com/v2/jobs/664390681665166/
2227.736,645,362,https://www.metacareers.com/v2/jobs/340457357587029/
2231.232,646,363,https://www.metacareers.com/v2/jobs/228275892734396/
2235.228,647,364,https://www.metacareers.com/v2/jobs/333684652114878/
2239.152,648,364,https://www.metacareers.com/v2/jobs/525166645205558/
2244.102,649,365,https://www.metacareers.com/v2/jobs/536926840493932/
2246.726,650,366,https://www.metacareers.com/v2/jobs/944022132786850/
2254.475,651,367,https://www.metacareers.com/v2/jobs/481466766820722/
2257.376,652,367,https://www.metacareers.com/v2/jobs/417732973138730/
2261.543,653,368,https://www.metacareers.com/v2/jobs/1111226382749369/
2265.3,654,368,https://www.metacareers.com/v2/jobs/625829008388747/
2269.379,655,369,https://www.metacareers.com/v2/jobs/1209434402888930/
2273.695,656,370,https://www.metacareers.com/v2/jobs/654887555391007/
2277.451,657,371,https://www.metacareers.com/v2/jobs/659113388127289/
2280.295,658,372,https://www.metacareers.com/v2/jobs/1305683009951412/
2284.288,659,373,https://www.metacareers.com/v2/jobs/1575117276174528/
2287.493,660,373,https://www.metacareers.com/v2/jobs/967811697169982/
2291.564,661,373,https://www.metacareers.com/v2/jobs/1089546501880356/
2295.188,662,374,https://www.metacareers.com/v2/jobs/133146212363077/
2298.915,663,374,https://www.metacareers.com/v2/jobs/478494032700980/
2302.685,664,375,https://www.metacareers.com/v2/jobs/385541676201265/
2305.479,665,375,https://www.metacareers.com/v2/jobs/1053998648771320/
2308.987,666,375,https://www.metacareers.com/v2/jobs/1787294004993824/
2312.756,667,375,https://www.metacareers.com/v2/jobs/1385791055193857/
2315.688,668,376,https://www.metacareers.com/v2/jobs/692874165204205/
2319.93,669,376,https://www.metacareers.com/v2/jobs/638997710861273/
2322.886,670,377,https://www.metacareers.com/v2/jobs/361866512038121/
2325.952,671,377,https://www.metacareers.com/v2/jobs/328787532397935/
2329.381,672,378,https://www.metacareers.com/v2/jobs/628037354917150/
2333.608,673,378,https://www.metacareers.com/v2/jobs/1026628101227847/
2337.71,674,378,https://www.metacareers.com/v2/jobs/957181121583716/
2341.794,675,379,https://www.metacareers.com/v2/jobs/275361584436614/
2348.342,676,379,https://www.metacareers.com/v2/jobs/151666137046417/
2351.418,677,380,https://www.metacareers.com/v2/jobs/453267069650489/
2355.899,678,380,https://www.metacareers.com/v2/jobs/978663692857987/
2359.824,679,380,https://www.metacareers.com/v2/jobs/881901015815249/
2363.76,680,380,https://www.metacareers.com/v2/jobs/3099937943607799/
2366.913,681,381,https://www.metacareers.com/v2/jobs/304597618369034/
2371.281,682,382,https://www.metacareers.com/v2/jobs/882880595416613/
2375.862,683,383,https://www.metacareers.com/v2/jobs/495703485004124/
2379.787,684,384,https://www.metacareers.com/v2/jobs/258278496142257/
2391.347,685,385,https://www.metacareers.com/v2/jobs/2343463785929346/
2395.675,686,385,https://www.metacareers.com/v2/jobs/693371187754919/
2398.411,687,386,https://www.metacareers.com/v2/jobs/920003195367414/
2402.78,688,387,https://www.metacareers.com/v2/jobs/322936182937656/
2405.773,689,388,https://www.metacareers.com/v2/jobs/313439463265359/
2410.08,690,389,https://www.metacareers.com/v2/jobs/2449353975316195/
2413.99,691,390,https://www.metacareers.com/v2/jobs/476880827366203/
2417.617,692,390,https://www.metacareers.com/v2/jobs/924849888173788/
2420.68,693,390,https://www.metacareers.com/v2/jobs/652771766172038/
2424.672,694,390,https://www.metacareers.com/v2/jobs/2729850960651798/
2428.126,695,390,https://www.metacareers.com/v2/jobs/238158711838603/
2431.37,696,391,https://www.metacareers.com/v2/jobs/6743706175704771/
2435.23,697,392,https://www.metacareers.com/v2/jobs/463426601967851/
2438.762,698,392,https://www.metacareers.com/v2/jobs/195864512218648/
2442.939,699,393,https://www.metacareers.com/v2/jobs/970428660541644/
2447.733,700,394,https://www.metacareers.com/v2/jobs/235606364671700/
2454.831,701,394,https://www.metacareers.com/v2/jobs/1067984260638687/
2457.542,702,395,https://www.metacareers.com/v2/jobs/3359634270828234/
2460.291,703,395,https://www.metacareers.com/v2/jobs/427520195785851/
2463.414,704,396,https://www.metacareers.com/v2/jobs/3795341130543050/
2467.651,705,397,https://www.metacareers.com/v2/jobs/457065552653273/
2471.362,706,398,https://www.metacareers.com/v2/jobs/607731556929759/
2474.472,707,399,https://www.metacareers.com/v2/jobs/397998581788942/
2477.1,708,400,https://www.metacareers.com/v2/jobs/153037203641549/
2482.146,709,401,https://www.metacareers.com/v2/jobs/1064339714343180/
2486.005,710,401,https://www.metacareers.com/v2/jobs/276166134549601/
2489.302,711,402,https://www.metacareers.com/v2/jobs/254808196494153/
2493.156,712,403,https://www.metacareers.com/v2/jobs/300354755287516/
2497.456,713,404,https://www.metacareers.com/v2/jobs/408551474115907/
2501.337,714,405,https://www.metacareers.com/v2/jobs/311748320803382/
2505.917,715,406,https://www.metacareers.com/v2/jobs/485310886340106/
2508.757,716,406,https://www.metacareers.com/v2/jobs/587151762481716/
2511.425,717,406,https://www.metacareers.com/v2/jobs/657725438603814/
2514.249,718,407,https://www.metacareers.com/v2/jobs/600943840918810/
2518.325,719,408,https://www.metacareers.com/v2/jobs/772034793435164/
2521.62,720,409,https://www.metacareers.com/v2/jobs/735944926954967/
2526.159,721,410,https://www.metacareers.com/v2/jobs/904958403494095/
2530.172,722,411,https://www.metacareers.com/v2/jobs/311708204255942/
2533.816,723,412,https://www.metacareers.com/v2/jobs/984661639139561/
2536.807,724,412,https://www.metacareers.com/v2/jobs/1044657279621614/
2541.164,725,412,https://www.metacareers.com/v2/jobs/2686165928361877/
2556.549,726,412,https://www.metacareers.com/v2/jobs/260099449448208/
2559.408,727,413,https://www.metacareers.com/v2/jobs/473033687655040/
2562.554,728,413,https://www.metacareers.com/v2/jobs/170224145306428/
2566.602,729,413,https://www.metacareers.com/v2/jobs/2157391311076289/
2578.251,730,413,https://www.metacareers.com/v2/jobs/3162859397331113/
2581.163,731,414,https://www.metacareers.com/v2/jobs/114719670746398/
2583.679,732,414,https://www.metacareers.com/v2/jobs/682697268942314/
2586.676,733,415,https://www.metacareers.com/v2/jobs/227854092489881/
2590.908,734,416,https://www.metacareers.com/v2/jobs/416746230112484/
2594.977,735,417,https://www.metacareers.com/v2/jobs/274902277924989/
2598.539,736,418,https://www.metacareers.com/v2/jobs/681906626108831/
2603.275,737,419,https://www.metacareers.com/v2/jobs/3041284866141135/
2607.221,738,420,https://www.metacareers.com/v2/jobs/891591554857213/
2611.684,739,421,https://www.metacareers.com/v2/jobs/654687325587762/
2615.99,740,421,https://www.metacareers.com/v2/jobs/7293660934007274/
2619.727,741,422,https://www.metacareers.com/v2/jobs/505723717348889/
2623.717,742,423,https://www.metacareers.com/v2/jobs/389101649687511/
2628.116,743,423,https://www.metacareers.com/v2/jobs/1045339529372503/
2632.597,744,423,https://www.metacareers.com/v2/jobs/684890872890400/
2635.442,745,423,https://www.metacareers.com/v2/jobs/302260115134355/
2639.884,746,423,https://www.metacareers.com/v2/jobs/450355223322067/
2643.775,747,423,https://www.metacareers.com/v2/jobs/485310886340106/
2647.437,748,423,https://www.metacareers.com/v2/jobs/904958403494095/
2651.333,749,424,https://www.metacareers.com/v2/jobs/772034793435164/
2655.157,750,425,https://www.metacareers.com/v2/jobs/735944926954967/
2662.868,751,426,https://www.metacareers.com/v2/jobs/326840489447816/
2665.74,752,427,https://www.metacareers.com/v2/jobs/316882336164542/
2669.791,753,428,https://www.metacareers.com/v2/jobs/277296413746356/
2673.135,754,429,https://www.metacareers.com/v2/jobs/266034601924971/
2676.267,755,430,https://www.metacareers.com/v2/jobs/268243478727495/
2680.174,756,431,https://www.metacareers.com/v2/jobs/299512145576068/
2683.301,757,432,https://www.metacareers.com/v2/jobs/523868485608333/
2687.785,758,432,https://www.metacareers.com/v2/jobs/632919634657298/
2695.185,759,432,https://www.metacareers.com/v2/jobs/645497223423003/
2699.358,760,432,https://www.metacareers.com/v2/jobs/684489692513494/
2702.508,761,432,https://www.metacareers.com/v2/jobs/1040046013431344/
2706.296,762,433,https://www.metacareers.com/v2/jobs/900190867305336/
2710.959,763,433,https://www.metacareers.com/v2/jobs/234119652002607/
2714.299,764,433,https://www.metacareers.com/v2/jobs/671232710718753/
2717.519,765,433,https://www.metacareers.com/v2/jobs/656607025467615/
2719.934,766,434,https://www.metacareers.com/v2/jobs/1199450780577117/
2724.573,767,434,https://www.metacareers.com/v2/jobs/1258916397887893/
2728.136,768,435,https://www.metacareers.com/v2/jobs/1172822603218968/
2731.415,769,436,https://www.metacareers.com/v2/jobs/1364425434022172/
2736.41,770,436,https://www.metacareers.com/v2/jobs/2805838573055711/
2740.833,771,436,https://www.metacareers.com/v2/jobs/2001715559964943/
2744.682,772,436,https://www.metacareers.com/v2/jobs/944549759760836/
2748.743,773,437,https://www.metacareers.com/v2/jobs/4463158830466590/
2753.147,774,438,https://www.metacareers.com/v2/jobs/4864535140252568/
2756.691,775,439,https://www.metacareers.com/v2/jobs/358276822793031/
2762.577,776,439,https://www.metacareers.com/v2/jobs/202226975158164/
2765.568,777,439,https://www.metacareers.com/v2/jobs/167276575323783/
2769.95,778,439,https://www.metacareers.com/v2/jobs/219380302854760/
2772.387,779,440,https://www.metacareers.com/v2/jobs/352967850032978/
2775.563,780,440,https://www.metacareers.com/v2/jobs/381051447111985/
2779.309,781,440,https://www.metacareers.com/v2/jobs/990314728507032/
2783.503,782,441,https://www.metacareers.com/v2/jobs/407019827816050/
2786.416,783,441,https://www.metacareers.com/v2/jobs/748069629117088/
2789.946,784,441,https://www.metacareers.com/v2/jobs/1546110159089776/
2793.847,785,442,https://www.metacareers.com/v2/jobs/1772370132973109/
2798.052,786,443,https://www.metacareers.com/v2/jobs/1071281687066809/
2801.147,787,443,https://www.metacareers.com/v2/jobs/1057902444708423/
2803.942,788,443,https://www.metacareers.com/v2/jobs/613475052478686/
2808.14,789,444,https://www.metacareers.com/v2/jobs/1170404120161442/
2812.458,790,445,https://www.metacareers.com/v2/jobs/1990147434498931/
2816.03,791,446,https://www.metacareers.com/v2/jobs/277308653953800/
2821.264,792,446,https://www.metacareers.com/v2/jobs/4743443665734097/
2825.147,793,447,https://www.metacareers.com/v2/jobs/145889764240448/
2828.928,794,448,https://www.metacareers.com/v2/jobs/1439267693078278/
2832.129,795,449,https://www.metacareers.com/v2/jobs/504270486850595/
2835.841,796,450,https://www.metacareers.com/v2/jobs/1293706374482068/
2839.851,797,451,https://www.metacareers.com/v2/jobs/1169842640428575/
2843.221,798,451,https://www.metacareers.com/v2/jobs/1243721112703178/
2847.307,799,452,https://www.metacareers.com/v2/jobs/993682437792988/
2851.362,800,453,https://www.metacareers.com/v2/jobs/997679494359100/
2858.981,801,453,https://www.metacareers.com/v2/jobs/507437977386632/
2862.158,802,454,https://www.metacareers.com/v2/jobs/245853051061926/
2866.225,803,454,https://www.metacareers.com/v2/jobs/1266346150183977/
2870.017,804,455,https://www.metacareers.com/v2/jobs/483525269678660/
2874.321,805,456,https://www.metacareers.com/v2/jobs/466650807994409/
2877.614,806,457,https://www.metacareers.com/v2/jobs/849504909097410/
2881.745,807,457,https://www.metacareers.com/v2/jobs/860519567942537/
2885.922,808,458,https://www.metacareers.com/v2/jobs/828072301243939/
2888.861,809,458,https://www.metacareers.com/v2/jobs/995654201290966/
2892.676,810,459,https://www.metacareers.com/v2/jobs/612586149801091/
2896.286,811,460,https://www.metacareers.com/v2/jobs/554450595085909/
2899.383,812,461,https://www.metacareers.com/v2/jobs/553801625105398/
2903.842,813,461,https://www.metacareers.com/v2/jobs/1055924658520337/
2907.412,814,461,https://www.metacareers.com/v2/jobs/229457849396580/
2911.176,815,462,https://www.metacareers.com/v2/jobs/225137669766643/
2915.802,816,462,https://www.metacareers.com/v2/jobs/262912352571273/
2920.232,817,463,https://www.metacareers.com/v2/jobs/418803029596419/
2923.763,818,464,https://www.metacareers.com/v2/jobs/393517429189596/
2928.26,819,465,https://www.metacareers.com/v2/jobs/564957254830168/
2931.413,820,466,https://www.metacareers.com/v2/jobs/555683822398719/
2934.408,821,467,https://www.metacareers.com/v2/jobs/565620724764928/
2938.748,822,468,https://www.metacareers.com/v2/jobs/492191888626872/
2942.654,823,469,https://www.metacareers.com/v2/jobs/6915665241836906/
2946.707,824,470,https://www.metacareers.com/v2/jobs/1077094053108349/
2950.986,825,471,https://www.metacareers.com/v2/jobs/4821617131211102/
2958.756,826,472,https://www.metacareers.com/v2/jobs/352080532131682/
2962.715,827,472,https://www.metacareers.com/v2/jobs/356952222578692/
2966.099,828,473,https://www.metacareers.com/v2/jobs/337999001067757/
2970.531,829,473,https://www.metacareers.com/v2/jobs/316201629586354/
2973.465,830,474,https://www.metacareers.com/v2/jobs/673727917098375/
2976.807,831,474,https://www.metacareers.com/v2/jobs/633829481285356/
2980.269,832,475,https://www.metacareers.com/v2/jobs/657869415355647/
2984.577,833,475,https://www.metacareers.com/v2/jobs/603994300729566/
2989.131,834,476,https://www.metacareers.com/v2/jobs/608608970492707/
2992.927,835,477,https://www.metacareers.com/v2/jobs/1037205930469987/
2996.702,836,478,https://www.metacareers.com/v2/jobs/3109310929385754/
3001.101,837,478,https://www.metacareers.com/v2/jobs/4661528463897277/
3005.003,838,478,https://www.metacareers.com/v2/jobs/4747445561952954/
3009.193,839,478,https://www.metacareers.com/v2/jobs/1761218577402590/
3013.126,840,479,https://www.metacareers.com/v2/jobs/230170948533930/
3016.395,841,480,https://www.metacareers.com/v2/jobs/1657460804603614/
3020.952,842,480,https://www.metacareers.com/v2/jobs/1240841846409626/
3025.159,843,480,https://www.metacareers.com/v2/jobs/511444806532303/
3029.982,844,481,https://www.metacareers.com/v2/jobs/253147530086054/
3034.701,845,482,https://www.metacareers.com/v2/jobs/320953866595637/
3037.436,846,483,https://www.metacareers.com/v2/jobs/247293677246550/
3040.286,847,484,https://www.metacareers.com/v2/jobs/1036492953807507/
3044.667,848,485,https://www.metacareers.com/v2/jobs/4373933356021299/
3048.604,849,486,https://www.metacareers.com/v2/jobs/1052130695337341/
3052.004,850,486,https://www.metacareers.com/v2/jobs/308718444571067/
3058.726,851,487,https://www.metacareers.com/v2/jobs/265525979018900/
3061.521,852,487,https://www.metacareers.com/v2/jobs/2711521702488471/
3064.756,853,487,https://www.metacareers.com/v2/jobs/3281153095478121/
3068.814,854,487,https://www.metacareers.com/v2/jobs/489605978880862/
3073.673,855,487,https://www.metacareers.com/v2/jobs/624606958736659/
3076.323,856,488,https://www.metacareers.com/v2/jobs/340165284633887/
3080.041,857,488,https://www.metacareers.com/v2/jobs/1081067956032507/
3084.527,858,489,https://www.metacareers.com/v2/jobs/244575571004118/
3089.455,859,490,https://www.metacareers.com/v2/jobs/209391394144715/
3093.311,860,490,https://www.metacareers.com/v2/jobs/621606452462901/
3096.722,861,490,https://www.metacareers.com/v2/jobs/945455819418560/
3099.863,862,490,https://www.metacareers.com/v2/jobs/632853324770617/
3104.18,863,490,https://www.metacareers.com/v2/jobs/521918942274383/
3107.366,864,491,https://www.metacareers.com/v2/jobs/788921498497473/
3112.734,865,492,https://www.metacareers.com/v2/jobs/436027874718812/
3116.905,866,492,https://www.metacareers.com/v2/jobs/735659057142725/
3121.184,867,492,https://www.metacareers.com/v2/jobs/3210404529188238/
3125.168,868,492,https://www.metacareers.com/v2/jobs/2516242241853261/
3129.292,869,492,https://www.metacareers.com/v2/jobs/1441608676233508/
3133.446,870,493,https://www.metacareers.com/v2/jobs/327531482630590/
3136.615,871,494,https://www.metacareers.com/v2/jobs/445462163949957/
3141.338,872,495,https://www.metacareers.com/v2/jobs/966225894026531/
3146.025,873,496,https://www.metacareers.com/v2/jobs/427986569044659/
3150.252,874,496,https://www.metacareers.com/v2/jobs/324554909093010/
3153.437,875,496,https://www.metacareers.com/v2/jobs/771855720096610/
3161.972,876,497,https://www.metacareers.com/v2/jobs/2629018074068472/
3166,877,498,https://www.metacareers.com/v2/jobs/557953718569572/
3168.933,878,499,https://www.metacareers.com/v2/jobs/382853596922228/
3171.977,879,500,https://www.metacareers.com/v2/jobs/435839128022131/
3176.41,880,501,https://www.metacareers.com/v2/jobs/427289399032794/
3180.533,881,502,https://www.metacareers.com/v2/jobs/250465863711152/
3184.817,882,502,https://www.metacareers.com/v2/jobs/393110722462572/
3187.96,883,502,https://www.metacareers.com/v2/jobs/626678222030305/
3192.136,884,503,https://www.metacareers.com/v2/jobs/851933195498296/
3196.385,885,503,https://www.metacareers.com/v2/jobs/988205938389990/
3200.909,886,503,https://www.metacareers.com/v2/jobs/1248673372279087/
3203.992,887,503,https://www.metacareers.com/v2/jobs/1234885400352652/
3207.319,888,503,https://www.metacareers.com/v2/jobs/1659396647729152/
3211.259,889,504,https://www.metacareers.com/v2/jobs/1601949983481290/
3215.437,890,504,https://www.metacareers.com/v2/jobs/1069612813851186/
3219.354,891,504,https://www.metacareers.com/v2/jobs/157109646634017/
3223.402,892,505,https://www.metacareers.com/v2/jobs/2807470226193557/
3226.732,893,506,https://www.metacareers.com/v2/jobs/584591199301436/
3231.066,894,507,https://www.metacareers.com/v2/jobs/1007034256540465/
3235.521,895,508,https://www.metacareers.com/v2/jobs/144858414441945/
3240.167,896,509,https://www.metacareers.com/v2/jobs/2128073710674334/
3243.7,897,509,https://www.metacareers.com/v2/jobs/2296438157165010/
3248.633,898,509,https://www.metacareers.com/v2/jobs/2874369152873104/
3252.978,899,510,https://www.metacareers.com/v2/jobs/545225883244833/
3256.544,900,511,https://www.metacareers.com/v2/jobs/3058630657796919/
3264.73,901,511,https://www.metacareers.com/v2/jobs/214798950583844/
3268.027,902,512,https://www.metacareers.com/v2/jobs/562534934973588/
3271.986,903,512,https://www.metacareers.com/v2/jobs/228788165011413/
3276.218,904,513,https://www.metacareers.com/v2/jobs/200142741885672/
3279.682,905,514,https://www.metacareers.com/v2/jobs/1449593608758385/
3283.128,906,515,https://www.metacareers.com/v2/jobs/209297257617004/
3285.353,907,515,https://www.metacareers.com/v2/jobs/254474956677254/
3288.878,908,516,https://www.metacareers.com/v2/jobs/255760879610490/
3292.133,909,517,https://www.metacareers.com/v2/jobs/831605177753969/
3296.524,910,518,https://www.metacareers.com/v2/jobs/189713163149479/
3301.225,911,519,https://www.metacareers.com/v2/jobs/1013658956078019/
3305.741,912,520,https://www.metacareers.com/v2/jobs/945887299594105/
3310.141,913,520,https://www.metacareers.com/v2/jobs/1034626497363502/
3313.776,914,521,https://www.metacareers.com/v2/jobs/820991118610465/
3316.89,915,522,https://www.metacareers.com/v2/jobs/1557331494627611/
3319.744,916,522,https://www.metacareers.com/v2/jobs/3004705613137687/
3324.402,917,523,https://www.metacareers.com/v2/jobs/423498378990159/
3328.124,918,524,https://www.metacareers.com/v2/jobs/1020451248807218/
3331.327,919,525,https://www.metacareers.com/v2/jobs/3090023931269105/
3334.723,920,526,https://www.metacareers.com/v2/jobs/1249915915511965/
3337.739,921,527,https://www.metacareers.com/v2/jobs/403189367830544/
3341.798,922,527,https://www.metacareers.com/v2/jobs/438192161183707/
3345.172,923,528,https://www.metacareers.com/v2/jobs/1771269296414415/
3350.771,924,528,https://www.metacareers.com/v2/jobs/961124384814059/
3354.914,925,528,https://www.metacareers.com/v2/jobs/3178762422346981/
3361.277,926,529,https://www.metacareers.com/v2/jobs/938325056764868/
3364.484,927,529,https://www.metacareers.com/v2/jobs/588092692296437/
3368.62,928,529,https://www.metacareers.com/v2/jobs/142185601303525/
3372.655,929,529,https://www.metacareers.com/v2/jobs/330577585253427/
3377.344,930,530,https://www.metacareers.com/v2/jobs/189164350082533/
3380.552,931,531,https://www.metacareers.com/v2/jobs/454333426312163/
3383.308,932,531,https://www.metacareers.com/v2/jobs/847279312613689/
3387.613,933,532,https://www.metacareers.com/v2/jobs/186873733491077/
3391.373,934,533,https://www.metacareers.com/v2/jobs/195997945990408/
3395.037,935,533,https://www.metacareers.com/v2/jobs/259676232854133/
3398.282,936,534,https://www.metacareers.com/v2/jobs/216084253957466/
3398.873,937,534,https://www.metacareers.com/v2/jobs/411244360617272/
3402.367,938,534,https://www.metacareers.com/v2/jobs/1576590546011596/
3402.946,939,534,https://www.metacareers.com/v2/jobs/404596547773081/
3403.171,940,534,https://www.metacareers.com/v2/jobs/648082353267125/
3403.21,941,534,https://www.metacareers.com/v2/jobs/604682430864018/
3403.271,942,534,https://www.metacareers.com/v2/jobs/1009151212964544/
3403.352,943,534,https://www.metacareers.com/v2/jobs/915361832519322/
3403.427,944,534,https://www.metacareers.com/v2/jobs/5106217532738842/
3403.564,945,534,https://www.metacareers.com/v2/jobs/4689184034469615/
3403.626,946,534,https://www.metacareers.com/v2/jobs/1930838557090082/
3403.687,947,534,https://www.metacareers.com/v2/jobs/302782411672979/
3403.785,948,534,https://www.metacareers.com/v2/jobs/217999297045194/
3403.833,949,534,https://www.metacareers.com/v2/jobs/2233907836751932/
3403.915,950,534,https://www.metacareers.com/v2/jobs/926731871405988/
3407.937,951,534,https://www.metacareers.com/v2/jobs/142438247852792/
3408.005,952,534,https://www.metacareers.com/v2/jobs/3181665232113310/
3408.045,953,534,https://www.metacareers.com/v2/jobs/1256982748117940/
3408.378,954,534,https://www.metacareers.com/v2/jobs/203306845010255/
3408.485,955,534,https://www.metacareers.com/v2/jobs/1621988814815628/
3408.594,956,534,https://www.metacareers.com/v2/jobs/847081469210598/
3408.646,957,534,https://www.metacareers.com/v2/jobs/2629018074068472/
3408.764,958,534,https://www.metacareers.com/v2/jobs/557953718569572/
3408.849,959,534,https://www.metacareers.com/v2/jobs/382853596922228/
3408.925,960,534,https://www.metacareers.com/v2/jobs/435839128022131/
3408.984,961,534,https://www.metacareers.com/v2/jobs/427289399032794/
3409.03,962,534,https://www.metacareers.com/v2/jobs/250465863711152/
3409.084,963,534,https://www.metacareers.com/v2/jobs/393110722462572/
3409.138,964,534,https://www.metacareers.com/v2/jobs/626678222030305/
3409.2,965,534,https://www.metacareers.com/v2/jobs/851933195498296/
3409.497,966,534,https://www.metacareers.com/v2/jobs/988205938389990/
3409.554,967,534,https://www.metacareers.com/v2/jobs/1248673372279087/
3409.636,968,534,https://www.metacareers.com/v2/jobs/1234885400352652/
3409.708,969,534,https://www.metacareers.com/v2/jobs/1659396647729152/
3409.99,970,534,https://www.metacareers.com/v2/jobs/1601949983481290/
3410.082,971,534,https://www.metacareers.com/v2/jobs/1069612813851186/
3410.13,972,534,https://www.metacareers.com/v2/jobs/157109646634017/
3410.23,973,534,https://www.metacareers.com/v2/jobs/2807470226193557/
3410.527,974,534,https://www.metacareers.com/v2/jobs/584591199301436/
3410.583,975,534,https://www.metacareers.com/v2/jobs/1007034256540465/
3413.756,976,534,https://www.metacareers.com/v2/jobs/144858414441945/
3413.815,977,534,https://www.metacareers.com/v2/jobs/2128073710674334/
3413.871,978,534,https://www.metacareers.com/v2/jobs/2296438157165010/
3414.011,979,534,https://www.metacareers.com/v2/jobs/2874369152873104/
3414.049,980,534,https://www.metacareers.com/v2/jobs/545225883244833/
3414.128,981,534,https://www.metacareers.com/v2/jobs/3058630657796919/
3414.17,982,534,https://www.metacareers.com/v2/jobs/3055501858062989/
3414.228,983,534,https://www.metacareers.com/v2/jobs/313126860628963/
3414.316,984,534,https://www.metacareers.com/v2/jobs/352546492943516/
3414.376,985,534,https://www.metacareers.com/v2/jobs/304913118095918/
3414.431,986,534,https://www.metacareers.com/v2/jobs/352614976622795/
3414.703,987,534,https://www.metacareers.com/v2/jobs/402791484324408/
3414.775,988,534,https://www.metacareers.com/v2/jobs/3224610581101615/
3414.833,989,534,https://www.metacareers.com/v2/jobs/411607870587118/
3414.917,990,534,https://www.metacareers.com/v2/jobs/3967943029979412/
3415.054,991,534,https://www.metacareers.com/v2/jobs/3134799296793462/
3415.141,992,534,https://www.metacareers.com/v2/jobs/483731816368635/
3415.21,993,534,https://www.metacareers.com/v2/jobs/2146166535530469/
3415.248,994,534,https://www.metacareers.com/v2/jobs/884948385518157/
3415.291,995,534,https://www.metacareers.com/v2/jobs/818301072382832/
3415.337,996,534,https://www.metacareers.com/v2/jobs/906465823585441/
3415.405,997,534,https://www.metacareers.com/v2/jobs/1300301480352440/
3415.46,998,534,https://www.metacareers.com/v2/jobs/249063223558050/
3415.725,999,534,https://www.metacareers.com/v2/jobs/889843064892067/
3415.798,1000,534,https://www.metacareers.com/v2/jobs/444813010431160/
3419.49,1001,534,https://www.metacareers.com/v2/jobs/426875042300078/
3419.54,1002,534,https://www.metacareers.com/v2/jobs/558662618737455/
3419.647,1003,534,https://www.metacareers.com/v2/jobs/574639530407157/
3419.909,1004,534,https://www.metacareers.com/v2/jobs/902925780336051/
3420.001,1005,534,https://www.metacareers.com/v2/jobs/1005604330283364/
3420.053,1006,534,https://www.metacareers.com/v2/jobs/986402545484409/
3420.147,1007,534,https://www.metacareers.com/v2/jobs/1590633344647100/
3420.185,1008,534,https://www.metacareers.com/v2/jobs/2811241489166658/
3420.303,1009,534,https://www.metacareers.com/v2/jobs/207624484826904/
3420.382,1010,534,https://www.metacareers.com/v2/jobs/198738825548132/
3420.454,1011,534,https://www.metacareers.com/v2/jobs/237198737859265/
3420.503,1012,534,https://www.metacareers.com/v2/jobs/222713559909916/
3420.56,1013,534,https://www.metacareers.com/v2/jobs/281224923542004/
3420.621,1014,534,https://www.metacareers.com/v2/jobs/290492285858460/
3420.691,1015,534,https://www.metacareers.com/v2/jobs/300494181998192/
3420.961,1016,534,https://www.metacareers.com/v2/jobs/395994692078786/
3421.027,1017,534,https://www.metacareers.com/v2/jobs/394673739009705/
3421.111,1018,534,https://www.metacareers.com/v2/jobs/384604586637336/
3421.172,1019,534,https://www.metacareers.com/v2/jobs/595220278148432/
3421.216,1020,534,https://www.metacareers.com/v2/jobs/1096506507799639/
3421.347,1021,534,https://www.metacareers.com/v2/jobs/1056466421766941/
3421.454,1022,534,https://www.metacareers.com/v2/jobs/1315042832286872/
3421.507,1023,534,https://www.metacareers.com/v2/jobs/1815551255303370/
3421.559,1024,534,https://www.metacareers.com/v2/jobs/4775660899114667/
3421.622,1025,534,https://www.metacareers.com/v2/jobs/225868906362904/
3425.346,1026,534,https://www.metacareers.com/v2/jobs/485960065991633/
3425.412,1027,534,https://www.metacareers.com/v2/jobs/1142505946269400/
3425.545,1028,534,https://www.metacareers.com/v2/jobs/928574034588858/
3425.601,1029,534,https://www.metacareers.com/v2/jobs/510205057094707/
3425.666,1030,534,https://www.metacareers.com/v2/jobs/524925435554696/
3425.722,1031,534,https://www.metacareers.com/v2/jobs/710225239956612/
3425.778,1032,534,https://www.metacareers.com/v2/jobs/1102571327211065/
3425.815,1033,534,https://www.metacareers.com/v2/jobs/905380583481118/
3425.888,1034,534,https://www.metacareers.com/v2/jobs/447092143804086/
3425.932,1035,534,https://www.metacareers.com/v2/jobs/458898148979608/
3426.21,1036,534,https://www.metacareers.com/v2/jobs/615379449485926/
3426.282,1037,534,https://www.metacareers.com/v2/jobs/932021490787060/
3426.343,1038,534,https://www.metacareers.com/v2/jobs/408079040806149/
3426.407,1039,534,https://www.metacareers.com/v2/jobs/431783441741726/
3426.465,1040,534,https://www.metacareers.com/v2/jobs/1308734859642729/
3426.598,1041,534,https://www.metacareers.com/v2/jobs/274777457807900/
3426.672,1042,534,https://www.metacareers.com/v2/jobs/986047062118620/
3426.712,1043,534,https://www.metacareers.com/v2/jobs/1035670850625107/
3426.854,1044,534,https://www.metacareers.com/v2/jobs/2970434563228951/
3426.943,1045,534,https://www.metacareers.com/v2/jobs/276646051068339/
3427.014,1046,534,https://www.metacareers.com/v2/jobs/813022386308783/
3427.287,1047,534,https://www.metacareers.com/v2/jobs/466200448220969/
3427.361,1048,534,https://www.metacareers.com/v2/jobs/363815268887287/
3427.4,1049,534,https://www.metacareers.com/v2/jobs/298780465543018/
3427.467,1050,534,https://www.metacareers.com/v2/jobs/338647917694553/
3431.08,1051,534,https://www.metacareers.com/v2/jobs/234268508879939/
3431.127,1052,534,https://www.metacareers.com/v2/jobs/381578303661785/
3431.202,1053,534,https://www.metacareers.com/v2/jobs/1641521659522329/
3431.497,1054,534,https://www.metacareers.com/v2/jobs/908895433114103/
3431.553,1055,534,https://www.metacareers.com/v2/jobs/928367347786904/
3431.614,1056,534,https://www.metacareers.com/v2/jobs/1036183770257957/
3431.676,1057,534,https://www.metacareers.com/v2/jobs/358461049012237/
3431.729,1058,534,https://www.metacareers.com/v2/jobs/327795755894503/
3431.859,1059,534,https://www.metacareers.com/v2/jobs/478274310530959/
3431.919,1060,534,https://www.metacareers.com/v2/jobs/2348482432126226/
3431.966,1061,534,https://www.metacareers.com/v2/jobs/1469402650059341/
3432.021,1062,534,https://www.metacareers.com/v2/jobs/1109486283154371/
3432.096,1063,534,https://www.metacareers.com/v2/jobs/809172346363694/
3432.138,1064,534,https://www.metacareers.com/v2/jobs/295022731906230/
3432.194,1065,534,https://www.metacareers.com/v2/jobs/687317162432898/
3432.251,1066,534,https://www.metacareers.com/v2/jobs/1709969905865616/
3432.548,1067,534,https://www.metacareers.com/v2/jobs/4218150171619629/
3432.605,1068,534,https://www.metacareers.com/v2/jobs/368056661639079/
3432.661,1069,534,https://www.metacareers.com/v2/jobs/915509002671019/
3432.732,1070,534,https://www.metacareers.com/v2/jobs/312205366996272/
3432.885,1071,534,https://www.metacareers.com/v2/jobs/248850393869510/
3432.965,1072,534,https://www.metacareers.com/v2/jobs/474577767410624/
3433.03,1073,534,https://www.metacareers.com/v2/jobs/580730896360314/
3433.099,1074,534,https://www.metacareers.com/v2/jobs/484783942953094/
3433.154,1075,534,https://www.metacareers.com/v2/jobs/230795549136687/
3436.8,1076,534,https://www.metacareers.com/v2/jobs/1153337008827707/
3436.87,1077,534,https://www.metacareers.com/v2/jobs/474979380659678/
3436.951,1078,534,https://www.metacareers.com/v2/jobs/610305230258472/
3437.075,1079,534,https://www.metacareers.com/v2/jobs/1290986364647261/
3437.13,1080,534,https://www.metacareers.com/v2/jobs/425903335908542/
3437.196,1081,534,https://www.metacareers.com/v2/jobs/632637307794236/
3437.253,1082,534,https://www.metacareers.com/v2/jobs/601643824285212/
3437.313,1083,534,https://www.metacareers.com/v2/jobs/352751460016374/
3437.4,1084,534,https://www.metacareers.com/v2/jobs/1278193906009584/
3437.457,1085,534,https://www.metacareers.com/v2/jobs/6249682111738769/
3437.491,1086,534,https://www.metacareers.com/v2/jobs/406223454478317/
3437.758,1087,534,https://www.metacareers.com/v2/jobs/909087089751353/
3437.8,1088,534,https://www.metacareers.com/v2/jobs/370787471484987/
3437.862,1089,534,https://www.metacareers.com/v2/jobs/1273485006452070/
3437.91,1090,534,https://www.metacareers.com/v2/jobs/220948910188233/
3437.96,1091,534,https://www.metacareers.com/v2/jobs/1042236929863368/
3438.033,1092,534,https://www.metacareers.com/v2/jobs/284827320299554/
3438.153,1093,534,https://www.metacareers.com/v2/jobs/649711656171923/
3438.202,1094,534,https://www.metacareers.com/v2/jobs/1121183208628638/
3438.267,1095,534,https://www.metacareers.com/v2/jobs/229180996037198/
3438.329,1096,534,https://www.metacareers.com/v2/jobs/905807533399302/
3438.488,1097,534,https://www.metacareers.com/v2/jobs/438419457779602/
3438.527,1098,534,https://www.metacareers.com/v2/jobs/393766935874479/
3438.784,1099,534,https://www.metacareers.com/v2/jobs/1587426908280774/
3438.83,1100,534,https://www.metacareers.com/v2/jobs/1446897069041247/
3442.604,1101,534,https://www.metacareers.com/v2/jobs/440713117467539/
3442.736,1102,534,https://www.metacareers.com/v2/jobs/937193643669187/
3443.032,1103,534,https://www.metacareers.com/v2/jobs/254535663310702/
3443.075,1104,534,https://www.metacareers.com/v2/jobs/462367045301393/
3443.125,1105,534,https://www.metacareers.com/v2/jobs/200996282165688/
3443.196,1106,534,https://www.metacareers.com/v2/jobs/332070078668248/
3443.26,1107,534,https://www.metacareers.com/v2/jobs/774061013092024/
3443.721,1108,534,https://www.metacareers.com/v2/jobs/220736009823994/
3444.217,1109,534,https://www.metacareers.com/v2/jobs/322905589431375/
3444.269,1110,534,https://www.metacareers.com/v2/jobs/422995502825988/
3444.736,1111,534,https://www.metacareers.com/v2/jobs/590506818997854/
3444.803,1112,534,https://www.metacareers.com/v2/jobs/955334405411037/
3445.268,1113,534,https://www.metacareers.com/v2/jobs/589580358934980/
3445.324,1114,534,https://www.metacareers.com/v2/jobs/2437434689725167/
3445.79,1115,534,https://www.metacareers.com/v2/jobs/1263248284147572/
3445.845,1116,534,https://www.metacareers.com/v2/jobs/202299194733856/
3446.233,1117,534,https://www.metacareers.com/v2/jobs/490780108691940/
3446.31,1118,534,https://www.metacareers.com/v2/jobs/1449787455417330/
3446.749,1119,534,https://www.metacareers.com/v2/jobs/1492662087784143/
3446.796,1120,534,https://www.metacareers.com/v2/jobs/1576938322683423/
3446.851,1121,534,https://www.metacareers.com/v2/jobs/595820584984467/
3447.315,1122,534,https://www.metacareers.com/v2/jobs/2925116084427670/
3447.372,1123,534,https://www.metacareers.com/v2/jobs/259519696187624/
3447.858,1124,534,https://www.metacareers.com/v2/jobs/827985288132395/
3447.897,1125,534,https://www.metacareers.com/v2/jobs/595742371610796/
3451.997,1126,534,https://www.metacareers.com/v2/jobs/5201284439900042/
3452.06,1127,534,https://www.metacareers.com/v2/jobs/820405378873981/
3452.33,1128,534,https://www.metacareers.com/v2/jobs/4667049353316448/
3452.367,1129,534,https://www.metacareers.com/v2/jobs/1019130275534178/
3452.4,1130,534,https://www.metacareers.com/v2/jobs/398030302118209/
3452.461,1131,534,https://www.metacareers.com/v2/jobs/347225077237048/
3452.549,1132,534,https://www.metacareers.com/v2/jobs/1751086348420228/
3452.983,1133,534,https://www.metacareers.com/v2/jobs/1213735845724256/
3453.04,1134,534,https://www.metacareers.com/v2/jobs/869751790236280/
3453.527,1135,534,https://www.metacareers.com/v2/jobs/1812504262283054/
3454.054,1136,534,https://www.metacareers.com/v2/jobs/3910277702406036/
3454.091,1137,534,https://www.metacareers.com/v2/jobs/1088321575288483/
3454.128,1138,534,https://www.metacareers.com/v2/jobs/869738280260446/
3454.184,1139,534,https://www.metacareers.com/v2/jobs/1048746572626902/
3454.46,1140,534,https://www.metacareers.com/v2/jobs/3085766278357545/
3454.522,1141,534,https://www.metacareers.com/v2/jobs/901934600520666/
3454.592,1142,534,https://www.metacareers.com/v2/jobs/404667848029232/
3454.658,1143,534,https://www.metacareers.com/v2/jobs/277221657751085/
3454.706,1144,534,https://www.metacareers.com/v2/jobs/342634187496929/
3454.979,1145,534,https://www.metacareers.com/v2/jobs/584479862517586/
3455.053,1146,534,https://www.metacareers.com/v2/jobs/395810088765724/
3455.104,1147,534,https://www.metacareers.com/v2/jobs/315927859979142/
3455.158,1148,534,https://www.metacareers.com/v2/jobs/1182217702548768/
3455.21,1149,534,https://www.metacareers.com/v2/jobs/402892564818660/
3455.481,1150,534,https://www.metacareers.com/v2/jobs/899750300907552/
3458.618,1151,534,https://www.metacareers.com/v2/jobs/1123024984890245/
3458.68,1152,534,https://www.metacareers.com/v2/jobs/972057370358091/
3458.821,1153,534,https://www.metacareers.com/v2/jobs/5254690974544259/
3458.887,1154,534,https://www.metacareers.com/v2/jobs/238620104777632/
3459.149,1155,534,https://www.metacareers.com/v2/jobs/466347991530546/
3459.2,1156,534,https://www.metacareers.com/v2/jobs/566257311478634/
3459.266,1157,534,https://www.metacareers.com/v2/jobs/276769287846543/
3459.342,1158,534,https://www.metacareers.com/v2/jobs/609525330297904/
3459.388,1159,534,https://www.metacareers.com/v2/jobs/1377302209395874/
3459.423,1160,534,https://www.metacareers.com/v2/jobs/610532616954916/
3459.673,1161,534,https://www.metacareers.com/v2/jobs/526889518324780/
3459.719,1162,534,https://www.metacareers.com/v2/jobs/179176497737952/
3459.79,1163,534,https://www.metacareers.com/v2/jobs/452467529713508/
3459.848,1164,534,https://www.metacareers.com/v2/jobs/3051251588455398/
3459.896,1165,534,https://www.metacareers.com/v2/jobs/223499366244419/
3459.948,1166,534,https://www.metacareers.com/v2/jobs/268196944728541/
3460.059,1167,534,https://www.metacareers.com/v2/jobs/227858232868584/
3460.135,1168,534,https://www.metacareers.com/v2/jobs/664629621245728/
3460.173,1169,534,https://www.metacareers.com/v2/jobs/1064842107323588/
3460.226,1170,534,https://www.metacareers.com/v2/jobs/169624578703716/
3460.283,1171,534,https://www.metacareers.com/v2/jobs/1102293930542898/
3460.43,1172,534,https://www.metacareers.com/v2/jobs/1034213897308504/
3460.487,1173,534,https://www.metacareers.com/v2/jobs/4244083995622743/
3460.797,1174,534,https://www.metacareers.com/v2/jobs/583392249556818/
3460.889,1175,534,https://www.metacareers.com/v2/jobs/475663290813183/
3464.065,1176,534,https://www.metacareers.com/v2/jobs/229180996037198/
3464.109,1177,534,https://www.metacareers.com/v2/jobs/905807533399302/
3464.156,1178,534,https://www.metacareers.com/v2/jobs/438419457779602/
3464.612,1179,534,https://www.metacareers.com/v2/jobs/393766935874479/
3464.666,1180,534,https://www.metacareers.com/v2/jobs/1587426908280774/
3465.107,1181,534,https://www.metacareers.com/v2/jobs/1446897069041247/
3465.16,1182,534,https://www.metacareers.com/v2/jobs/440713117467539/
3465.629,1183,534,https://www.metacareers.com/v2/jobs/937193643669187/
3465.689,1184,534,https://www.metacareers.com/v2/jobs/254535663310702/
3465.966,1185,534,https://www.metacareers.com/v2/jobs/462367045301393/
3466.02,1186,534,https://www.metacareers.com/v2/jobs/200996282165688/
3466.12,1187,534,https://www.metacareers.com/v2/jobs/332070078668248/
3466.198,1188,534,https://www.metacareers.com/v2/jobs/774061013092024/
3466.231,1189,534,https://www.metacareers.com/v2/jobs/220736009823994/
3466.495,1190,534,https://www.metacareers.com/v2/jobs/322905589431375/
3466.561,1191,534,https://www.metacareers.com/v2/jobs/422995502825988/
3466.601,1192,534,https://www.metacareers.com/v2/jobs/590506818997854/
3466.687,1193,534,https://www.metacareers.com/v2/jobs/955334405411037/
3466.749,1194,534,https://www.metacareers.com/v2/jobs/589580358934980/
3467.014,1195,534,https://www.metacareers.com/v2/jobs/2437434689725167/
3467.064,1196,534,https://www.metacareers.com/v2/jobs/1263248284147572/
3467.136,1197,534,https://www.metacareers.com/v2/jobs/202299194733856/
3467.183,1198,534,https://www.metacareers.com/v2/jobs/490780108691940/
3467.225,1199,534,https://www.metacareers.com/v2/jobs/1449787455417330/
3467.283,1200,534,https://www.metacareers.com/v2/jobs/1492662087784143/